<application>
  <component name="CPPToolchains" version="4">
    <toolchains detectedVersion="5">
      <toolchain name="MinGW" toolSetKind="MINGW" toolSetPath="C:\TDM-GCC-64" debuggerKind="CUSTOM_GDB" customGDBPath="C:\TDM-GCC-64\bin\gdb.exe" />
      <toolchain name="Visual Studio" toolSetKind="MSVC" toolSetPath="C:\Program Files (x86)\Microsoft Visual Studio\2019\Community" debuggerKind="BUNDLED_LLDB">
        <toolSetOption type="msvc.arch" value="amd64" />
      </toolchain>
    </toolchains>
  </component>
</application>